{
  "results": [
    {
      "n_agents": 5,
      "graph_type": "complete",
      "spectral_gap": 4.999999999999998,
      "fiedler_value": 4.999999999999998,
      "final_consensus_score": 0.3419887384564892,
      "converged": false,
      "rounds_to_converge": 3,
      "consensus_trajectory": [
        0.3324468315879932,
        0.3455538885098569,
        0.3419887384564892
      ],
      "question": "What is the most effective approach to address climate change?",
      "algebraic_connectivity": 5.000000000000002,
      "graph_density": 1.0,
      "question_idx": 0
    },
    {
      "n_agents": 5,
      "graph_type": "cycle",
      "spectral_gap": 1.3819660112501049,
      "fiedler_value": 1.3819660112501049,
      "final_consensus_score": 0.2941477536815086,
      "converged": false,
      "rounds_to_converge": 3,
      "consensus_trajectory": [
        0.3498024651645928,
        0.3457000324687626,
        0.2941477536815086
      ],
      "question": "What is the most effective approach to address climate change?",
      "algebraic_connectivity": 1.3819660112501058,
      "graph_density": 0.5,
      "question_idx": 0
    },
    {
      "n_agents": 10,
      "graph_type": "complete",
      "spectral_gap": 9.999999999999986,
      "fiedler_value": 9.999999999999986,
      "final_consensus_score": 0.3791647444869015,
      "converged": false,
      "rounds_to_converge": 3,
      "consensus_trajectory": [
        0.3771305596133871,
        0.384263175053107,
        0.3791647444869015
      ],
      "question": "What is the most effective approach to address climate change?",
      "algebraic_connectivity": 10.0,
      "graph_density": 1.0,
      "question_idx": 0
    },
    {
      "n_agents": 10,
      "graph_type": "cycle",
      "spectral_gap": 0.38196601125010476,
      "fiedler_value": 0.38196601125010476,
      "final_consensus_score": 0.34403381576269015,
      "converged": false,
      "rounds_to_converge": 3,
      "consensus_trajectory": [
        0.3974733346045238,
        0.3586944990601626,
        0.34403381576269015
      ],
      "question": "What is the most effective approach to address climate change?",
      "algebraic_connectivity": 0.38196601125010526,
      "graph_density": 0.2222222222222222,
      "question_idx": 0
    }
  ],
  "analysis": {
    "optimal_threshold": 5.0554545454545385,
    "predictive_accuracy": 0.75,
    "spearman_r": 0.0,
    "spearman_p": 1.0,
    "total_trials": 4,
    "convergence_rate": 0.0
  }
}