{
  "results": [
    {
      "n_agents": 5,
      "graph_type": "complete",
      "spectral_gap": 4.999999999999998,
      "fiedler_value": 4.999999999999998,
      "final_consensus_score": 0.29661519832605904,
      "converged": false,
      "rounds_to_converge": 10,
      "consensus_trajectory": [
        0.3258988097806834,
        0.34983110517286053,
        0.3641464293177571,
        0.3393249671647576,
        0.28936818769957473,
        0.298806744025413,
        0.31591981255014606,
        0.3689899373566842,
        0.37682566321272976,
        0.29661519832605904
      ],
      "question": "What is the most effective approach to address climate change?",
      "algebraic_connectivity": 5.000000000000002,
      "graph_density": 1.0,
      "question_idx": 0
    },
    {
      "n_agents": 5,
      "graph_type": "cycle",
      "spectral_gap": 1.3819660112501049,
      "fiedler_value": 1.3819660112501049,
      "final_consensus_score": 0.2684657171144035,
      "converged": false,
      "rounds_to_converge": 10,
      "consensus_trajectory": [
        0.3609079040210289,
        0.3239904583245972,
        0.32214136507760216,
        0.2625982064638249,
        0.3021946104428415,
        0.29773446079147503,
        0.290820825008441,
        0.2959763274994361,
        0.3303422586916114,
        0.2684657171144035
      ],
      "question": "What is the most effective approach to address climate change?",
      "algebraic_connectivity": 1.3819660112501058,
      "graph_density": 0.5,
      "question_idx": 0
    },
    {
      "n_agents": 5,
      "graph_type": "random",
      "spectral_gap": 0.5188056959079844,
      "fiedler_value": 0.5188056959079844,
      "final_consensus_score": 0.3125842044675998,
      "converged": false,
      "rounds_to_converge": 10,
      "consensus_trajectory": [
        0.32860408774450434,
        0.28477411596754243,
        0.3187169164906586,
        0.24144072405517783,
        0.2805315607000228,
        0.3033825626799147,
        0.286586375718077,
        0.2826526908393066,
        0.3514840676579751,
        0.3125842044675998
      ],
      "question": "What is the most effective approach to address climate change?",
      "algebraic_connectivity": 0.5188056959079845,
      "graph_density": 0.5,
      "question_idx": 0
    },
    {
      "n_agents": 5,
      "graph_type": "scale_free",
      "spectral_gap": 1.0,
      "fiedler_value": 1.0,
      "final_consensus_score": 0.36558967922318475,
      "converged": false,
      "rounds_to_converge": 10,
      "consensus_trajectory": [
        0.3533805648281606,
        0.41134165597278044,
        0.36069165517965207,
        0.3473483939619796,
        0.3495653244437872,
        0.28230165767074705,
        0.2963295788169571,
        0.32471104643718157,
        0.32181303610305456,
        0.36558967922318475
      ],
      "question": "What is the most effective approach to address climate change?",
      "algebraic_connectivity": 1.0000000000000007,
      "graph_density": 0.4,
      "question_idx": 0
    },
    {
      "n_agents": 10,
      "graph_type": "complete",
      "spectral_gap": 9.999999999999986,
      "fiedler_value": 9.999999999999986,
      "final_consensus_score": 0.37849729275406035,
      "converged": false,
      "rounds_to_converge": 10,
      "consensus_trajectory": [
        0.4004603830027831,
        0.353239150974315,
        0.3753724806164186,
        0.3814861177838629,
        0.37445882658401464,
        0.3766225748679278,
        0.40215682921890883,
        0.3585314706702727,
        0.39873204773167475,
        0.37849729275406035
      ],
      "question": "What is the most effective approach to address climate change?",
      "algebraic_connectivity": 10.0,
      "graph_density": 1.0,
      "question_idx": 0
    },
    {
      "n_agents": 10,
      "graph_type": "cycle",
      "spectral_gap": 0.38196601125010476,
      "fiedler_value": 0.38196601125010476,
      "final_consensus_score": 0.31120662164814067,
      "converged": false,
      "rounds_to_converge": 10,
      "consensus_trajectory": [
        0.4046024032594015,
        0.35447070111298656,
        0.3396217871828784,
        0.3141297501596138,
        0.36208894978184347,
        0.3146876098701346,
        0.30891996938730837,
        0.3165296517650835,
        0.3092064995408302,
        0.31120662164814067
      ],
      "question": "What is the most effective approach to address climate change?",
      "algebraic_connectivity": 0.38196601125010526,
      "graph_density": 0.2222222222222222,
      "question_idx": 0
    },
    {
      "n_agents": 10,
      "graph_type": "random",
      "spectral_gap": 0.5685592847156692,
      "fiedler_value": 0.5685592847156692,
      "final_consensus_score": 0.36188517456817926,
      "converged": false,
      "rounds_to_converge": 10,
      "consensus_trajectory": [
        0.38551177614129634,
        0.3672170041390986,
        0.34314138471770445,
        0.32747135302212005,
        0.3375624423639744,
        0.31566274163828817,
        0.33122440097738104,
        0.34795969337944416,
        0.3398813703219445,
        0.36188517456817926
      ],
      "question": "What is the most effective approach to address climate change?",
      "algebraic_connectivity": 0.5685592847156798,
      "graph_density": 0.28888888888888886,
      "question_idx": 0
    },
    {
      "n_agents": 10,
      "graph_type": "scale_free",
      "spectral_gap": 0.27666287775980536,
      "fiedler_value": 0.27666287775980536,
      "final_consensus_score": 0.32612458995877336,
      "converged": false,
      "rounds_to_converge": 10,
      "consensus_trajectory": [
        0.41491251081027475,
        0.40077633202894214,
        0.36542789443951995,
        0.39980554601978324,
        0.3388746730150275,
        0.3443243568599401,
        0.344688355632399,
        0.33320858608072645,
        0.3599580604480046,
        0.32612458995877336
      ],
      "question": "What is the most effective approach to address climate change?",
      "algebraic_connectivity": 0.2766628777598089,
      "graph_density": 0.2,
      "question_idx": 0
    },
    {
      "n_agents": 15,
      "graph_type": "complete",
      "spectral_gap": 14.999999999999991,
      "fiedler_value": 14.999999999999991,
      "final_consensus_score": 0.3892403422093424,
      "converged": false,
      "rounds_to_converge": 10,
      "consensus_trajectory": [
        0.3842827423777184,
        0.37736337691507243,
        0.38293708840103285,
        0.3807303805559706,
        0.38594452356629644,
        0.36490376437076494,
        0.39353616583065043,
        0.36359764222512425,
        0.3915050808906741,
        0.3892403422093424
      ],
      "question": "What is the most effective approach to address climate change?",
      "algebraic_connectivity": 14.999999999999996,
      "graph_density": 1.0,
      "question_idx": 0
    },
    {
      "n_agents": 15,
      "graph_type": "cycle",
      "spectral_gap": 0.17290908471479752,
      "fiedler_value": 0.17290908471479752,
      "final_consensus_score": 0.33154429334045044,
      "converged": false,
      "rounds_to_converge": 10,
      "consensus_trajectory": [
        0.40826616111112296,
        0.34816961227786936,
        0.3359887249443827,
        0.3418470079467697,
        0.33234323791982984,
        0.335152957291008,
        0.3383209107819433,
        0.32394280934100517,
        0.35043384568113795,
        0.33154429334045044
      ],
      "question": "What is the most effective approach to address climate change?",
      "algebraic_connectivity": 0.1729090847147983,
      "graph_density": 0.14285714285714285,
      "question_idx": 0
    },
    {
      "n_agents": 15,
      "graph_type": "random",
      "spectral_gap": 0.7971331421043002,
      "fiedler_value": 0.7971331421043002,
      "final_consensus_score": 0.3737038521953391,
      "converged": false,
      "rounds_to_converge": 10,